{
  "artifact_type": "top_down_representative_grasp_candidates",
  "candidates": [
    {
      "T_P_E": [
        [
          1.0,
          0.0,
          0.0,
          0.03068878748416901
        ],
        [
          0.0,
          0.0,
          -1.0,
          0.004402787685394287
        ],
        [
          -0.0,
          1.0,
          0.0,
          0.01003414273262024
        ],
        [
          0.0,
          0.0,
          0.0,
          1.0
        ]
      ],
      "T_W_E": [
        [
          0.0,
          -1.0,
          0.0,
          0.4149658572673797
        ],
        [
          -1.0,
          0.0,
          0.0,
          -0.48568878748416905
        ],
        [
          0.0,
          0.0,
          -1.0,
          0.35440278768539424
        ],
        [
          0.0,
          0.0,
          0.0,
          1.0
        ]
      ],
      "aperture_m": 0.010794999599456786,
      "candidate_id": "C1",
      "contacts_P_m": [
        [
          0.03068878748416901,
          0.004402787685394287,
          0.004636642932891846
        ],
        [
          0.03068878748416901,
          0.004402787685394287,
          0.015431642532348633
        ]
      ],
      "contacts_W_m": [
        [
          0.42036335706710815,
          -0.48568878748416905,
          0.35440278768539424
        ],
        [
          0.40956835746765136,
          -0.48568878748416905,
          0.35440278768539424
        ]
      ],
      "display_fraction": 0.1,
      "family_id": "family_0037",
      "insertion_safe": false,
      "parameters": {
        "roll_rad": 0.0,
        "u_m": -0.01267967953681946,
        "v_m": 0.0010723088830709457
      },
      "scope": "OBJECT_ONLY_LOCAL_SURFACE_CANDIDATE"
    },
    {
      "T_P_E": [
        [
          1.0,
          0.0,
          0.0,
          0.025616915574073792
        ],
        [
          0.0,
          0.0,
          -1.0,
          0.004402787685394287
        ],
        [
          -0.0,
          1.0,
          0.0,
          0.01003414273262024
        ],
        [
          0.0,
          0.0,
          0.0,
          1.0
        ]
      ],
      "T_W_E": [
        [
          0.0,
          -1.0,
          0.0,
          0.4149658572673797
        ],
        [
          -1.0,
          0.0,
          0.0,
          -0.4806169155740738
        ],
        [
          0.0,
          0.0,
          -1.0,
          0.35440278768539424
        ],
        [
          0.0,
          0.0,
          0.0,
          1.0
        ]
      ],
      "aperture_m": 0.010794999599456786,
      "candidate_id": "C2",
      "contacts_P_m": [
        [
          0.025616915574073792,
          0.004402787685394287,
          0.004636642932891846
        ],
        [
          0.025616915574073792,
          0.004402787685394287,
          0.015431642532348633
        ]
      ],
      "contacts_W_m": [
        [
          0.42036335706710815,
          -0.4806169155740738,
          0.35440278768539424
        ],
        [
          0.40956835746765136,
          -0.4806169155740738,
          0.35440278768539424
        ]
      ],
      "display_fraction": 0.26,
      "family_id": "family_0037",
      "insertion_safe": false,
      "parameters": {
        "roll_rad": 0.0,
        "u_m": -0.007607807626724243,
        "v_m": 0.0010723088830709457
      },
      "scope": "OBJECT_ONLY_LOCAL_SURFACE_CANDIDATE"
    },
    {
      "T_P_E": [
        [
          1.0,
          0.0,
          0.0,
          0.020545043663978576
        ],
        [
          0.0,
          0.0,
          -1.0,
          0.004402787685394287
        ],
        [
          -0.0,
          1.0,
          0.0,
          0.01003414273262024
        ],
        [
          0.0,
          0.0,
          0.0,
          1.0
        ]
      ],
      "T_W_E": [
        [
          0.0,
          -1.0,
          0.0,
          0.4149658572673797
        ],
        [
          -1.0,
          0.0,
          0.0,
          -0.4755450436639786
        ],
        [
          0.0,
          0.0,
          -1.0,
          0.35440278768539424
        ],
        [
          0.0,
          0.0,
          0.0,
          1.0
        ]
      ],
      "aperture_m": 0.010794999599456786,
      "candidate_id": "C3",
      "contacts_P_m": [
        [
          0.020545043663978576,
          0.004402787685394287,
          0.004636642932891846
        ],
        [
          0.020545043663978576,
          0.004402787685394287,
          0.015431642532348633
        ]
      ],
      "contacts_W_m": [
        [
          0.42036335706710815,
          -0.4755450436639786,
          0.35440278768539424
        ],
        [
          0.40956835746765136,
          -0.4755450436639786,
          0.35440278768539424
        ]
      ],
      "display_fraction": 0.42000000000000004,
      "family_id": "family_0037",
      "insertion_safe": false,
      "parameters": {
        "roll_rad": 0.0,
        "u_m": -0.0025359357166290265,
        "v_m": 0.0010723088830709457
      },
      "scope": "OBJECT_ONLY_LOCAL_SURFACE_CANDIDATE"
    },
    {
      "T_P_E": [
        [
          1.0,
          0.0,
          0.0,
          0.015473171753883363
        ],
        [
          0.0,
          0.0,
          -1.0,
          0.004402787685394287
        ],
        [
          -0.0,
          1.0,
          0.0,
          0.01003414273262024
        ],
        [
          0.0,
          0.0,
          0.0,
          1.0
        ]
      ],
      "T_W_E": [
        [
          0.0,
          -1.0,
          0.0,
          0.4149658572673797
        ],
        [
          -1.0,
          0.0,
          0.0,
          -0.47047317175388337
        ],
        [
          0.0,
          0.0,
          -1.0,
          0.35440278768539424
        ],
        [
          0.0,
          0.0,
          0.0,
          1.0
        ]
      ],
      "aperture_m": 0.010794999599456786,
      "candidate_id": "C4",
      "contacts_P_m": [
        [
          0.015473171753883363,
          0.004402787685394287,
          0.004636642932891846
        ],
        [
          0.015473171753883363,
          0.004402787685394287,
          0.015431642532348633
        ]
      ],
      "contacts_W_m": [
        [
          0.42036335706710815,
          -0.47047317175388337,
          0.35440278768539424
        ],
        [
          0.40956835746765136,
          -0.47047317175388337,
          0.35440278768539424
        ]
      ],
      "display_fraction": 0.58,
      "family_id": "family_0037",
      "insertion_safe": false,
      "parameters": {
        "roll_rad": 0.0,
        "u_m": 0.0025359361934661866,
        "v_m": 0.0010723088830709457
      },
      "scope": "OBJECT_ONLY_LOCAL_SURFACE_CANDIDATE"
    },
    {
      "T_P_E": [
        [
          1.0,
          0.0,
          0.0,
          0.010401299843788146
        ],
        [
          0.0,
          0.0,
          -1.0,
          0.004402787685394287
        ],
        [
          -0.0,
          1.0,
          0.0,
          0.01003414273262024
        ],
        [
          0.0,
          0.0,
          0.0,
          1.0
        ]
      ],
      "T_W_E": [
        [
          0.0,
          -1.0,
          0.0,
          0.4149658572673797
        ],
        [
          -1.0,
          0.0,
          0.0,
          -0.46540129984378814
        ],
        [
          0.0,
          0.0,
          -1.0,
          0.35440278768539424
        ],
        [
          0.0,
          0.0,
          0.0,
          1.0
        ]
      ],
      "aperture_m": 0.010794999599456786,
      "candidate_id": "C5",
      "contacts_P_m": [
        [
          0.010401299843788146,
          0.004402787685394287,
          0.004636642932891846
        ],
        [
          0.010401299843788146,
          0.004402787685394287,
          0.015431642532348633
        ]
      ],